id,username,email,d_birth,is_host,about_text,location_id,image_url
1,dpoel0,lmullord0@cdc.gov,1/1/90,FALSE,Curabitur convallis. Duis consequat dui nec nisi volutpat eleifend. Donec ut dolor.,2,https://randomuser.me/api/portraits/men/1.jpg
2,bshillaker1,ameeks1@twitpic.com,1/1/90,FALSE,Ut tellus.,5,https://randomuser.me/api/portraits/men/2.jpg
3,lcosley2,fpinkie2@booking.com,1/1/90,FALSE,,7,https://randomuser.me/api/portraits/men/3.jpg
4,kboyat3,mghelardi3@weibo.com,1/1/90,FALSE,Duis aliquam convallis nunc. Proin at turpis a pede posuere nonummy.,9,https://randomuser.me/api/portraits/men/4.jpg
5,cpellew4,ekirtlan4@ocn.ne.jp,1/1/90,FALSE,Nullam sit amet turpis elementum ligula vehicula consequat. Morbi a ipsum. Integer a nibh.,4,https://randomuser.me/api/portraits/men/5.jpg
6,batkyns5,agifkins5@amazon.com,1/1/90,TRUE,"Curabitur gravida nisi at nibh. In hac habitasse platea dictumst. Aliquam augue quam, sollicitudin vitae, consectetuer eget, rutrum at, lorem.",3,https://randomuser.me/api/portraits/men/6.jpg
7,djumeau6,hjurs6@paypal.com,1/1/90,TRUE,"Quisque arcu libero, rutrum ac, lobortis vel, dapibus at, diam. Nam tristique tortor eu pede.",9,https://randomuser.me/api/portraits/men/7.jpg
8,ntevlin7,yweld7@tuttocitta.it,1/1/90,FALSE,"Fusce congue, diam id ornare imperdiet, sapien urna pretium nisl, ut volutpat sapien arcu sed augue. Aliquam erat volutpat. In congue.",9,https://randomuser.me/api/portraits/men/8.jpg
9,hheinssen8,kmallan8@qq.com,1/1/90,FALSE,,9,https://randomuser.me/api/portraits/men/10.jpg
10,dsoloway9,elamasna9@kickstarter.com,1/1/90,TRUE,Duis mattis egestas metus.,9,https://randomuser.me/api/portraits/men/9.jpg
11,esagea,hdroughta@tinyurl.com,1/1/90,FALSE,Integer tincidunt ante vel ipsum. Praesent blandit lacinia erat.,7,https://randomuser.me/api/portraits/women/1.jpg
12,lnarduccib,wtockellb@clickbank.net,1/1/90,TRUE,"Nam ultrices, libero non mattis pulvinar, nulla pede ullamcorper augue, a suscipit nulla elit ac nulla.",7,https://randomuser.me/api/portraits/women/2.jpg
13,educarnec,cmadisonc@oaic.gov.au,1/1/90,TRUE,Nullam porttitor lacus at turpis. Donec posuere metus vitae ipsum. Aliquam non mauris.,3,https://randomuser.me/api/portraits/women/3.jpg
14,mdracod,aduleyd@odnoklassniki.ru,1/1/90,TRUE,Pellentesque eget nunc. Donec quis orci eget orci vehicula condimentum. Curabitur in libero ut massa volutpat convallis.,1,https://randomuser.me/api/portraits/women/4.jpg
15,hstiveye,uhugonnete@spiegel.de,1/1/90,FALSE,"Mauris ullamcorper purus sit amet nulla. Quisque arcu libero, rutrum ac, lobortis vel, dapibus at, diam.",8,https://randomuser.me/api/portraits/women/5.jpg
16,rlamminf,rmorrowf@foxnews.com,1/1/90,FALSE,,6,https://randomuser.me/api/portraits/women/6.jpg
17,mbidgoodg,rrunhamg@bloglines.com,1/1/90,FALSE,"Cras pellentesque volutpat dui. Maecenas tristique, est et tempus semper, est quam pharetra magna, ac consequat metus sapien ut nunc.",5,hhttps://randomuser.me/api/portraits/women/7.jpg
18,drafteryh,teptonh@amazon.co.jp,1/1/90,FALSE,"Nulla ac enim. In tempor, turpis nec euismod scelerisque, quam turpis adipiscing lorem, vitae mattis nibh ligula nec sem.",4,https://randomuser.me/api/portraits/women/8.jpg
19,mmauni,sdohrmanni@networksolutions.com,1/1/90,FALSE,Pellentesque viverra pede ac diam.,8,https://randomuser.me/api/portraits/women/9.jpg
20,smatchettj,pthornleyj@theatlantic.com,1/1/90,FALSE,Vestibulum sed magna at nunc commodo placerat. Praesent blandit.,6,https://randomuser.me/api/portraits/women/10.jpg
21,redesk,aspawforthk@php.net,1/1/90,TRUE,,1,https://randomuser.me/api/portraits/men/11.jpg
22,ptolmanl,rmullanel@telegraph.co.uk,1/1/90,FALSE,,2,https://randomuser.me/api/portraits/men/12.jpg
23,ependridm,swilshinm@nasa.gov,1/1/90,FALSE,"Vestibulum quam sapien, varius ut, blandit non, interdum in, ante. Vestibulum ante ipsum primis in faucibus orci luctus et ultrices posuere cubilia Curae; Duis faucibus accumsan odio. Curabitur convallis.",5,https://randomuser.me/api/portraits/men/13.jpg
24,cpilipyakn,mrosebyn@rediff.com,1/1/90,FALSE,"Cras mi pede, malesuada in, imperdiet et, commodo vulputate, justo. In blandit ultrices enim.",2,https://randomuser.me/api/portraits/men/14.jpg
25,hhumbleso,cnippero@ebay.com,1/1/90,FALSE,"Nulla nisl. Nunc nisl. Duis bibendum, felis sed interdum venenatis, turpis enim blandit mi, in porttitor pede justo eu massa.",9,https://randomuser.me/api/portraits/men/15.jpg
26,clygoep,mnewlandsp@seesaa.net,1/1/90,TRUE,"Cum sociis natoque penatibus et magnis dis parturient montes, nascetur ridiculus mus. Vivamus vestibulum sagittis sapien. Cum sociis natoque penatibus et magnis dis parturient montes, nascetur ridiculus mus.",3,https://randomuser.me/api/portraits/men/16.jpg
27,bmattinq,svicareyq@cloudflare.com,1/1/90,TRUE,"Lorem ipsum dolor sit amet, consectetuer adipiscing elit. Proin interdum mauris non ligula pellentesque ultrices.",4,https://randomuser.me/api/portraits/men/17.jpg
28,fleslier,lnaryr@eventbrite.com,1/1/90,TRUE,Quisque ut erat. Curabitur gravida nisi at nibh.,7,https://randomuser.me/api/portraits/men/18.jpg
29,nharrolds,csommerlins@example.com,1/1/90,FALSE,"Cras mi pede, malesuada in, imperdiet et, commodo vulputate, justo. In blandit ultrices enim.",1,https://randomuser.me/api/portraits/men/19.jpg
30,jbooelnt,vlebarrt@prweb.com,1/1/90,TRUE,Vestibulum ante ipsum primis in faucibus orci luctus et ultrices posuere cubilia Curae; Duis faucibus accumsan odio. Curabitur convallis. Duis consequat dui nec nisi volutpat eleifend.,4,https://randomuser.me/api/portraits/men/20.jpg
31,qkibbyu,pmanuelyu@wp.com,1/1/90,FALSE,Maecenas tincidunt lacus at velit. Vivamus vel nulla eget eros elementum pellentesque.,1,https://randomuser.me/api/portraits/women/11.jpg
32,gtedmanv,lfiltnessv@typepad.com,1/1/90,TRUE,Donec dapibus. Duis at velit eu est congue elementum.,5,https://randomuser.me/api/portraits/women/12.jpg
33,bentresw,bharringtonw@seattletimes.com,1/1/90,FALSE,Aenean lectus. Pellentesque eget nunc. Donec quis orci eget orci vehicula condimentum.,10,https://randomuser.me/api/portraits/women/13.jpg
34,cmcaleesx,snarramorex@abc.net.au,1/1/90,TRUE,Vestibulum ante ipsum primis in faucibus orci luctus et ultrices posuere cubilia Curae; Mauris viverra diam vitae quam. Suspendisse potenti.,10,https://randomuser.me/api/portraits/women/14.jpg
35,amedgwicky,wpuddicombey@sbwire.com,1/1/90,FALSE,,6,https://randomuser.me/api/portraits/women/15.jpg
36,csellwoodz,trodingerz@sfgate.com,1/1/90,FALSE,Nulla tellus.,2,https://randomuser.me/api/portraits/women/16.jpg
37,pbickerdyke10,aarchbell10@ezinearticles.com,1/1/90,FALSE,"Vestibulum quam sapien, varius ut, blandit non, interdum in, ante.",9,https://randomuser.me/api/portraits/women/17.jpg
38,dfairbank11,vtipton11@elegantthemes.com,1/1/90,TRUE,"Praesent lectus. Vestibulum quam sapien, varius ut, blandit non, interdum in, ante.",10,https://randomuser.me/api/portraits/women/18.jpg
39,hcosely12,fsansom12@biblegateway.com,1/1/90,FALSE,"Fusce congue, diam id ornare imperdiet, sapien urna pretium nisl, ut volutpat sapien arcu sed augue.",7,https://randomuser.me/api/portraits/women/19.jpg
40,tdorricott13,dkaye13@slideshare.net,1/1/90,TRUE,,4,https://randomuser.me/api/portraits/women/20.jpg
41,alawie14,bangel14@merriam-webster.com,1/1/90,FALSE,,4,https://randomuser.me/api/portraits/men/21.jpg
42,cdennis15,ocastagno15@icq.com,1/1/90,FALSE,,5,https://randomuser.me/api/portraits/men/22.jpg
43,gessel16,otallent16@joomla.org,1/1/90,TRUE,Pellentesque ultrices mattis odio.,2,https://randomuser.me/api/portraits/men/23.jpg
44,jelleton17,jboffey17@dmoz.org,1/1/90,TRUE,In eleifend quam a odio.,5,https://randomuser.me/api/portraits/men/24.jpg
45,lkime18,srummins18@miitbeian.gov.cn,1/1/90,FALSE,,9,https://randomuser.me/api/portraits/men/25.jpg
46,bbath19,smonkhouse19@umich.edu,1/1/90,FALSE,Aenean fermentum. Donec ut mauris eget massa tempor convallis.,7,https://randomuser.me/api/portraits/men/26.jpg
47,bhampe1a,lhebron1a@mozilla.com,1/1/90,FALSE,"Aliquam sit amet diam in magna bibendum imperdiet. Nullam orci pede, venenatis non, sodales sed, tincidunt eu, felis.",2,https://randomuser.me/api/portraits/men/27.jpg
48,tragles1b,ejealous1b@phpbb.com,1/1/90,TRUE,,6,https://randomuser.me/api/portraits/men/28.jpg
49,rkhomishin1c,nboake1c@mashable.com,1/1/90,TRUE,In hac habitasse platea dictumst. Etiam faucibus cursus urna. Ut tellus.,3,https://randomuser.me/api/portraits/men/29.jpg
50,fgilbane1d,npersicke1d@nsw.gov.au,1/1/90,TRUE,"Vestibulum ac est lacinia nisi venenatis tristique. Fusce congue, diam id ornare imperdiet, sapien urna pretium nisl, ut volutpat sapien arcu sed augue.",2,https://randomuser.me/api/portraits/men/30.jpg
51,bengeham1e,rchill1e@free.fr,1/1/90,FALSE,"Vestibulum quam sapien, varius ut, blandit non, interdum in, ante.",7,https://randomuser.me/api/portraits/women/21.jpg
52,dputtrell1f,ktumini1f@cnet.com,1/1/90,TRUE,Nullam porttitor lacus at turpis.,9,https://randomuser.me/api/portraits/women/22.jpg
53,dvanbaaren1g,sturban1g@goodreads.com,1/1/90,TRUE,"In sagittis dui vel nisl. Duis ac nibh. Fusce lacus purus, aliquet at, feugiat non, pretium quis, lectus.",2,https://randomuser.me/api/portraits/women/23.jpg
54,ecobbe1h,dleguay1h@berkeley.edu,1/1/90,TRUE,,8,https://randomuser.me/api/portraits/women/24.jpg
55,abodicum1i,abraycotton1i@fastcompany.com,1/1/90,FALSE,Suspendisse potenti.,5,https://randomuser.me/api/portraits/women/25.jpg
56,dscholar1j,bclaire1j@zdnet.com,1/1/90,FALSE,Nulla tellus. In sagittis dui vel nisl. Duis ac nibh.,6,https://randomuser.me/api/portraits/women/26.jpg
57,mworthington1k,cshenley1k@mac.com,1/1/90,TRUE,Morbi non quam nec dui luctus rutrum. Nulla tellus. In sagittis dui vel nisl.,3,https://randomuser.me/api/portraits/women/27.jpg
58,aroiz1l,llamborn1l@fema.gov,1/1/90,TRUE,"Curabitur gravida nisi at nibh. In hac habitasse platea dictumst. Aliquam augue quam, sollicitudin vitae, consectetuer eget, rutrum at, lorem.",2,https://randomuser.me/api/portraits/women/28.jpg
59,mtweed1m,lleefe1m@washington.edu,1/1/90,TRUE,,10,https://randomuser.me/api/portraits/women/29.jpg
60,eclausner1n,vathelstan1n@histats.com,1/1/90,FALSE,,2,https://randomuser.me/api/portraits/women/30.jpg
61,haddess1o,rjindra1o@digg.com,1/1/90,TRUE,"Cum sociis natoque penatibus et magnis dis parturient montes, nascetur ridiculus mus.",2,https://randomuser.me/api/portraits/men/31.jpg
62,msugarman1p,emillion1p@amazon.co.jp,1/1/90,TRUE,"Mauris enim leo, rhoncus sed, vestibulum sit amet, cursus id, turpis.",10,https://randomuser.me/api/portraits/men/32.jpg
63,ckimblen1q,gswain1q@miibeian.gov.cn,1/1/90,TRUE,Pellentesque eget nunc. Donec quis orci eget orci vehicula condimentum. Curabitur in libero ut massa volutpat convallis.,2,https://randomuser.me/api/portraits/men/33.jpg
64,gsimoncini1r,cparncutt1r@ezinearticles.com,1/1/90,FALSE,In sagittis dui vel nisl. Duis ac nibh.,2,https://randomuser.me/api/portraits/men/34.jpg
65,inegus1s,ggopsill1s@go.com,1/1/90,TRUE,"Quisque porta volutpat erat. Quisque erat eros, viverra eget, congue eget, semper rutrum, nulla.",8,https://randomuser.me/api/portraits/men/35.jpg
66,mschlag1t,acardenosa1t@last.fm,1/1/90,FALSE,In sagittis dui vel nisl.,2,https://randomuser.me/api/portraits/men/36.jpg
67,cmacpherson1u,mganing1u@sbwire.com,1/1/90,TRUE,Nullam varius. Nulla facilisi. Cras non velit nec nisi vulputate nonummy.,10,https://randomuser.me/api/portraits/men/37.jpg
68,asummers1v,nhargie1v@dailymotion.com,1/1/90,TRUE,Maecenas rhoncus aliquam lacus. Morbi quis tortor id nulla ultrices aliquet.,8,https://randomuser.me/api/portraits/men/38.jpg
69,cfilippov1w,rbroadwood1w@weather.com,1/1/90,TRUE,Etiam pretium iaculis justo. In hac habitasse platea dictumst.,1,https://randomuser.me/api/portraits/men/39.jpg
70,mlared1x,iguile1x@sourceforge.net,1/1/90,FALSE,Vestibulum sed magna at nunc commodo placerat. Praesent blandit. Nam nulla.,9,https://randomuser.me/api/portraits/men/40.jpg
71,bmitrikhin1y,bganforthe1y@alibaba.com,1/1/90,FALSE,Phasellus sit amet erat. Nulla tempus. Vivamus in felis eu sapien cursus vestibulum.,9,https://randomuser.me/api/portraits/women/31.jpg
72,tmarkovic1z,tderobertis1z@mac.com,1/1/90,TRUE,Maecenas tincidunt lacus at velit.,6,https://randomuser.me/api/portraits/women/33.jpg
73,mgaymar20,isketchley20@zdnet.com,1/1/90,TRUE,"In tempor, turpis nec euismod scelerisque, quam turpis adipiscing lorem, vitae mattis nibh ligula nec sem. Duis aliquam convallis nunc.",8,https://randomuser.me/api/portraits/women/33.jpg
74,mgrimston21,kdetheridge21@xing.com,1/1/90,TRUE,Etiam pretium iaculis justo. In hac habitasse platea dictumst. Etiam faucibus cursus urna.,10,https://randomuser.me/api/portraits/women/38.jpg
75,rstitfall22,ojeves22@sina.com.cn,1/1/90,TRUE,Aenean fermentum. Donec ut mauris eget massa tempor convallis.,7,https://randomuser.me/api/portraits/women/34.jpg
76,hknutton23,ablanchet23@vistaprint.com,1/1/90,FALSE,Nulla suscipit ligula in lacus. Curabitur at ipsum ac tellus semper interdum.,6,https://randomuser.me/api/portraits/women/35.jpg
77,mlickess24,jwalcar24@4shared.com,1/1/90,TRUE,,3,https://randomuser.me/api/portraits/women/36.jpg
78,bmcgarel25,mmelia25@princeton.edu,1/1/90,FALSE,"Vestibulum ante ipsum primis in faucibus orci luctus et ultrices posuere cubilia Curae; Nulla dapibus dolor vel est. Donec odio justo, sollicitudin ut, suscipit a, feugiat et, eros. Vestibulum ac est lacinia nisi venenatis tristique.",10,https://randomuser.me/api/portraits/women/37.jpg
79,fkreutzer26,ahartley26@skype.com,1/1/90,FALSE,Aliquam erat volutpat. In congue.,10,https://randomuser.me/api/portraits/women/39.jpg
80,mbarrus27,ggillyatt27@omniture.com,1/1/90,TRUE,"Curabitur at ipsum ac tellus semper interdum. Mauris ullamcorper purus sit amet nulla. Quisque arcu libero, rutrum ac, lobortis vel, dapibus at, diam.",2,https://randomuser.me/api/portraits/women/40.jpg
81,ubywater28,kbollis28@mapy.cz,1/1/90,FALSE,,1,https://randomuser.me/api/portraits/men/41.jpg
82,jarling29,vcofax29@sohu.com,1/1/90,TRUE,"Aenean sit amet justo. Morbi ut odio. Cras mi pede, malesuada in, imperdiet et, commodo vulputate, justo.",3,https://randomuser.me/api/portraits/men/42.jpg
83,jwalasik2a,cpostlethwaite2a@bing.com,1/1/90,TRUE,Suspendisse potenti.,9,https://randomuser.me/api/portraits/men/43.jpg
84,lscrace2b,cdunabie2b@a8.net,1/1/90,TRUE,Mauris ullamcorper purus sit amet nulla.,9,https://randomuser.me/api/portraits/men/45.jpg
85,fbesque2c,chindes2c@nifty.com,1/1/90,TRUE,"Cras in purus eu magna vulputate luctus. Cum sociis natoque penatibus et magnis dis parturient montes, nascetur ridiculus mus. Vivamus vestibulum sagittis sapien.",8,https://randomuser.me/api/portraits/men/44.jpg
86,jizat2d,oagates2d@themeforest.net,1/1/90,TRUE,Aenean fermentum.,5,https://randomuser.me/api/portraits/men/46.jpg
87,vjandl2e,nperkinson2e@nps.gov,1/1/90,FALSE,Vestibulum ante ipsum primis in faucibus orci luctus et ultrices posuere cubilia Curae; Mauris viverra diam vitae quam. Suspendisse potenti.,6,https://randomuser.me/api/portraits/men/47.jpg
88,fcorsham2f,dpogosian2f@dailymotion.com,1/1/90,FALSE,,2,https://randomuser.me/api/portraits/men/48.jpg
89,hwigfall2g,ltuffin2g@wikispaces.com,1/1/90,FALSE,Nulla suscipit ligula in lacus.,10,https://randomuser.me/api/portraits/men/49.jpg
90,kmulligan2h,aspaight2h@usa.gov,1/1/90,TRUE,"Duis bibendum, felis sed interdum venenatis, turpis enim blandit mi, in porttitor pede justo eu massa.",3,https://randomuser.me/api/portraits/men/50.jpg
91,gskeermer2i,jchrister2i@pbs.org,1/1/90,FALSE,In eleifend quam a odio.,1,https://randomuser.me/api/portraits/women/41.jpg
92,bnewlove2j,gjepperson2j@dot.gov,1/1/90,TRUE,"Cras mi pede, malesuada in, imperdiet et, commodo vulputate, justo. In blandit ultrices enim.",7,https://randomuser.me/api/portraits/women/42.jpg
93,jbees2k,gstanners2k@wikispaces.com,1/1/90,TRUE,Integer tincidunt ante vel ipsum. Praesent blandit lacinia erat.,7,https://randomuser.me/api/portraits/women/43.jpg
94,atesh2l,dcastro2l@barnesandnoble.com,1/1/90,FALSE,Duis ac nibh.,10,https://randomuser.me/api/portraits/women/44.jpg
95,cstawell2m,auttridge2m@theatlantic.com,1/1/90,TRUE,Morbi porttitor lorem id ligula. Suspendisse ornare consequat lectus.,4,https://randomuser.me/api/portraits/women/45.jpg
96,yfyldes2n,mghidini2n@ask.com,1/1/90,TRUE,"Fusce posuere felis sed lacus. Morbi sem mauris, laoreet ut, rhoncus aliquet, pulvinar sed, nisl. Nunc rhoncus dui vel sem.",5,https://randomuser.me/api/portraits/women/46.jpg
97,ckayley2o,pbernet2o@github.io,1/1/90,FALSE,"In hac habitasse platea dictumst. Morbi vestibulum, velit id pretium iaculis, diam erat fermentum justo, nec condimentum neque sapien placerat ante. Nulla justo.",10,https://randomuser.me/api/portraits/women/47.jpg
98,hficken2p,gsobey2p@noaa.gov,1/1/90,TRUE,Donec posuere metus vitae ipsum.,5,https://randomuser.me/api/portraits/women/48.jpg
99,bjoyner2q,kdavidsen2q@fc2.com,1/1/90,TRUE,Aliquam quis turpis eget elit sodales scelerisque. Mauris sit amet eros. Suspendisse accumsan tortor quis turpis.,1,https://randomuser.me/api/portraits/women/49.jpg
100,shorick2r,asnow2r@nifty.com,1/1/90,TRUE,"Cras mi pede, malesuada in, imperdiet et, commodo vulputate, justo. In blandit ultrices enim.",5,https://randomuser.me/api/portraits/women/50.jpg
101,lspraggs2s,ilymbourne2s@cdc.gov,1/1/90,TRUE,,8,https://randomuser.me/api/portraits/men/51.jpg
103,myegorev2u,ocorney2u@marketwatch.com,1/1/90,FALSE,"Nunc rhoncus dui vel sem. Sed sagittis. Nam congue, risus semper porta volutpat, quam pede lobortis ligula, sit amet eleifend pede libero quis orci.",1,https://randomuser.me/api/portraits/men/53.jpg
104,jbrunning2v,jiorizzo2v@drupal.org,1/1/90,FALSE,Proin risus. Praesent lectus.,3,https://randomuser.me/api/portraits/men/54.jpg
105,cbackshill2w,cfynn2w@gmpg.org,1/1/90,TRUE,"Maecenas tristique, est et tempus semper, est quam pharetra magna, ac consequat metus sapien ut nunc.",4,https://randomuser.me/api/portraits/men/55.jpg
106,loxborough2x,hlanfranchi2x@msu.edu,1/1/90,FALSE,"Phasellus id sapien in sapien iaculis congue. Vivamus metus arcu, adipiscing molestie, hendrerit at, vulputate vitae, nisl. Aenean lectus.",6,https://randomuser.me/api/portraits/men/56.jpg
107,mpharrow2y,btindall2y@about.me,1/1/90,TRUE,"Quisque porta volutpat erat. Quisque erat eros, viverra eget, congue eget, semper rutrum, nulla. Nunc purus.",7,https://randomuser.me/api/portraits/men/57.jpg
108,mchatwin2z,fbrettoner2z@scientificamerican.com,1/1/90,TRUE,"Proin leo odio, porttitor id, consequat in, consequat ut, nulla. Sed accumsan felis. Ut at dolor quis odio consequat varius.",6,https://randomuser.me/api/portraits/men/58.jpg
109,dgallyon30,soleshunin30@123-reg.co.uk,1/1/90,FALSE,"Morbi vel lectus in quam fringilla rhoncus. Mauris enim leo, rhoncus sed, vestibulum sit amet, cursus id, turpis. Integer aliquet, massa id lobortis convallis, tortor risus dapibus augue, vel accumsan tellus nisi eu orci.",5,https://randomuser.me/api/portraits/men/59.jpg
110,dludovici31,sbugg31@ft.com,1/1/90,TRUE,"Aliquam augue quam, sollicitudin vitae, consectetuer eget, rutrum at, lorem. Integer tincidunt ante vel ipsum.",2,https://randomuser.me/api/portraits/men/60.jpg
111,vleban32,kniemetz32@dedecms.com,1/1/90,FALSE,Aenean fermentum.,1,https://randomuser.me/api/portraits/women/51.jpg
112,jspaule33,kabramovic33@prlog.org,1/1/90,TRUE,,4,https://randomuser.me/api/portraits/women/52.jpg
113,mbrassill34,hoddboy34@xinhuanet.com,1/1/90,TRUE,"In tempor, turpis nec euismod scelerisque, quam turpis adipiscing lorem, vitae mattis nibh ligula nec sem. Duis aliquam convallis nunc. Proin at turpis a pede posuere nonummy.",7,https://randomuser.me/api/portraits/women/53.jpg
114,ggunby35,ndauby35@intel.com,1/1/90,TRUE,,4,https://randomuser.me/api/portraits/women/54.jpg
115,gdwight36,khebbron36@yale.edu,1/1/90,TRUE,,4,https://randomuser.me/api/portraits/women/55.jpg
116,dgrayham37,kpearcy37@studiopress.com,1/1/90,FALSE,,6,https://randomuser.me/api/portraits/women/56.jpg
117,adinsdale38,sullrich38@sciencedirect.com,1/1/90,FALSE,,2,https://randomuser.me/api/portraits/women/57.jpg
118,nstamp39,dconman39@paginegialle.it,1/1/90,TRUE,,8,https://randomuser.me/api/portraits/women/58.jpg
119,scolumbine3a,mgarner3a@i2i.jp,1/1/90,FALSE,Nam tristique tortor eu pede.,9,https://randomuser.me/api/portraits/women/59.jpg
120,kjosipovic3b,rsidwell3b@artisteer.com,1/1/90,FALSE,Integer ac leo. Pellentesque ultrices mattis odio.,3,https://randomuser.me/api/portraits/women/60.jpg
121,srosenthal3c,yseydlitz3c@walmart.com,1/1/90,TRUE,Etiam faucibus cursus urna. Ut tellus. Nulla ut erat id mauris vulputate elementum.,8,https://randomuser.me/api/portraits/men/61.jpg
122,lkail3d,gsarge3d@multiply.com,1/1/90,TRUE,"Lorem ipsum dolor sit amet, consectetuer adipiscing elit.",2,https://randomuser.me/api/portraits/men/62.jpg
123,dgerardot3e,lcaswell3e@amazon.co.jp,1/1/90,FALSE,Sed ante.,7,https://randomuser.me/api/portraits/men/63.jpg
124,aensten3f,jarcase3f@ustream.tv,1/1/90,FALSE,Ut at dolor quis odio consequat varius.,1,https://randomuser.me/api/portraits/men/64.jpg
125,alangland3g,phuddart3g@uiuc.edu,1/1/90,TRUE,"Donec vitae nisi. Nam ultrices, libero non mattis pulvinar, nulla pede ullamcorper augue, a suscipit nulla elit ac nulla. Sed vel enim sit amet nunc viverra dapibus.",1,https://randomuser.me/api/portraits/men/65.jpg
126,mchevalier3h,cessery3h@google.com.br,1/1/90,FALSE,Etiam vel augue.,5,https://randomuser.me/api/portraits/men/66.jpg
127,lmckay3i,dsimonian3i@canalblog.com,1/1/90,FALSE,,2,https://randomuser.me/api/portraits/men/67.jpg
128,bricioppo3j,uwarlton3j@zimbio.com,1/1/90,FALSE,"Vestibulum ante ipsum primis in faucibus orci luctus et ultrices posuere cubilia Curae; Nulla dapibus dolor vel est. Donec odio justo, sollicitudin ut, suscipit a, feugiat et, eros.",4,https://randomuser.me/api/portraits/men/68.jpg
129,gcheltnam3k,ctabor3k@businesswire.com,1/1/90,FALSE,"Cum sociis natoque penatibus et magnis dis parturient montes, nascetur ridiculus mus.",8,https://randomuser.me/api/portraits/men/69.jpg
130,gpentercost3l,wduffy3l@bloomberg.com,1/1/90,TRUE,,2,https://randomuser.me/api/portraits/men/70.jpg
131,awoolmer3m,mbrannon3m@umn.edu,1/1/90,TRUE,Pellentesque viverra pede ac diam. Cras pellentesque volutpat dui.,6,https://randomuser.me/api/portraits/women/61.jpg
132,sbernadzki3n,rcopnall3n@smh.com.au,1/1/90,FALSE,,1,https://randomuser.me/api/portraits/women/62.jpg
133,gwhiskin3o,mrowdell3o@java.com,1/1/90,TRUE,,1,https://randomuser.me/api/portraits/women/63.jpg
134,jroloff3p,lpfeiffer3p@angelfire.com,1/1/90,TRUE,,8,https://randomuser.me/api/portraits/women/64.jpg
135,sjurkowski3q,rblackader3q@nydailynews.com,1/1/90,TRUE,"Aliquam augue quam, sollicitudin vitae, consectetuer eget, rutrum at, lorem. Integer tincidunt ante vel ipsum. Praesent blandit lacinia erat.",7,https://randomuser.me/api/portraits/women/65.jpg
136,mmilne3r,etomini3r@nymag.com,1/1/90,TRUE,,1,https://randomuser.me/api/portraits/women/66.jpg
137,kcunnah3s,lbaudesson3s@cyberchimps.com,1/1/90,TRUE,Vestibulum sed magna at nunc commodo placerat. Praesent blandit.,5,https://randomuser.me/api/portraits/women/67.jpg
138,dgirkins3t,spenkethman3t@biglobe.ne.jp,1/1/90,FALSE,"Morbi sem mauris, laoreet ut, rhoncus aliquet, pulvinar sed, nisl. Nunc rhoncus dui vel sem.",7,https://randomuser.me/api/portraits/women/68.jpg
139,wlisamore3u,wtruckell3u@rakuten.co.jp,1/1/90,FALSE,Donec dapibus. Duis at velit eu est congue elementum.,7,https://randomuser.me/api/portraits/women/69.jpg
140,khuckerbe3v,ariepl3v@google.com.br,1/1/90,TRUE,Phasellus sit amet erat.,7,https://randomuser.me/api/portraits/women/70.jpg
141,splumley3w,ccogar3w@ebay.com,1/1/90,FALSE,"Fusce congue, diam id ornare imperdiet, sapien urna pretium nisl, ut volutpat sapien arcu sed augue. Aliquam erat volutpat. In congue.",10,https://randomuser.me/api/portraits/men/71.jpg
142,pcardno3x,dwellesley3x@walmart.com,1/1/90,FALSE,,9,https://randomuser.me/api/portraits/men/72.jpg
143,gzotto3y,eballintime3y@godaddy.com,1/1/90,TRUE,"Nam ultrices, libero non mattis pulvinar, nulla pede ullamcorper augue, a suscipit nulla elit ac nulla. Sed vel enim sit amet nunc viverra dapibus.",5,https://randomuser.me/api/portraits/men/73.jpg
144,bboxer3z,hdairton3z@sphinn.com,1/1/90,TRUE,,4,https://randomuser.me/api/portraits/men/74.jpg
145,jhance40,mkroin40@etsy.com,1/1/90,TRUE,Integer tincidunt ante vel ipsum. Praesent blandit lacinia erat.,8,https://randomuser.me/api/portraits/men/75.jpg
146,meisikowitch41,hprentice41@xing.com,1/1/90,TRUE,"In hac habitasse platea dictumst. Aliquam augue quam, sollicitudin vitae, consectetuer eget, rutrum at, lorem. Integer tincidunt ante vel ipsum.",4,https://randomuser.me/api/portraits/men/76.jpg
147,jriding42,cchessum42@stumbleupon.com,1/1/90,TRUE,"Fusce lacus purus, aliquet at, feugiat non, pretium quis, lectus.",9,https://randomuser.me/api/portraits/men/77.jpg
148,jhaxby43,fseamer43@myspace.com,1/1/90,TRUE,Morbi non quam nec dui luctus rutrum. Nulla tellus.,9,https://randomuser.me/api/portraits/men/78.jpg
149,ekunkel44,mpavier44@usa.gov,1/1/90,TRUE,Nullam porttitor lacus at turpis. Donec posuere metus vitae ipsum. Aliquam non mauris.,4,https://randomuser.me/api/portraits/men/79.jpg
150,mwernher45,apetrescu45@seesaa.net,1/1/90,FALSE,,8,https://randomuser.me/api/portraits/men/80.jpg
151,fmacane46,ejacqueme46@indiegogo.com,1/1/90,TRUE,"Proin leo odio, porttitor id, consequat in, consequat ut, nulla.",6,https://randomuser.me/api/portraits/women/71.jpg
152,bgiacometti47,kbrome47@harvard.edu,1/1/90,TRUE,,9,https://randomuser.me/api/portraits/women/72.jpg
153,vraybould48,yflintiff48@fc2.com,1/1/90,FALSE,"Morbi odio odio, elementum eu, interdum eu, tincidunt in, leo. Maecenas pulvinar lobortis est. Phasellus sit amet erat.",1,https://randomuser.me/api/portraits/women/73.jpg
154,jdumbar49,lboost49@marriott.com,1/1/90,TRUE,,5,https://randomuser.me/api/portraits/women/74.jpg
155,gpostgate4a,slear4a@godaddy.com,1/1/90,TRUE,"Integer non velit. Donec diam neque, vestibulum eget, vulputate ut, ultrices vel, augue. Vestibulum ante ipsum primis in faucibus orci luctus et ultrices posuere cubilia Curae; Donec pharetra, magna vestibulum aliquet ultrices, erat tortor sollicitudin mi, sit amet lobortis sapien sapien non mi.",1,https://randomuser.me/api/portraits/women/75.jpg
156,goaten4b,gmaryan4b@blog.com,1/1/90,TRUE,"Proin leo odio, porttitor id, consequat in, consequat ut, nulla.",1,https://randomuser.me/api/portraits/women/76.jpg
157,vlathom4c,srumsby4c@feedburner.com,1/1/90,TRUE,Aenean auctor gravida sem. Praesent id massa id nisl venenatis lacinia. Aenean sit amet justo.,2,https://randomuser.me/api/portraits/women/77.jpg
158,dwinckworth4d,cmckeller4d@uiuc.edu,1/1/90,FALSE,,4,https://randomuser.me/api/portraits/women/78.jpg
159,rmillions4e,csagrott4e@elpais.com,1/1/90,FALSE,"Integer non velit. Donec diam neque, vestibulum eget, vulputate ut, ultrices vel, augue. Vestibulum ante ipsum primis in faucibus orci luctus et ultrices posuere cubilia Curae; Donec pharetra, magna vestibulum aliquet ultrices, erat tortor sollicitudin mi, sit amet lobortis sapien sapien non mi.",6,https://randomuser.me/api/portraits/women/79.jpg
160,cbonhan4f,baynold4f@google.co.uk,1/1/90,TRUE,,8,https://randomuser.me/api/portraits/women/80.jpg
161,khexter4g,wlidster4g@nydailynews.com,1/1/90,TRUE,Fusce consequat. Nulla nisl.,4,https://randomuser.me/api/portraits/men/81.jpg
162,gtaborre4h,dstowte4h@cnet.com,1/1/90,TRUE,Pellentesque at nulla.,9,https://randomuser.me/api/portraits/men/82.jpg
163,dbrumwell4i,bcoppen4i@nationalgeographic.com,1/1/90,TRUE,"Curabitur in libero ut massa volutpat convallis. Morbi odio odio, elementum eu, interdum eu, tincidunt in, leo. Maecenas pulvinar lobortis est.",3,https://randomuser.me/api/portraits/men/83.jpg
164,wiremonger4j,jpaulton4j@sciencedaily.com,1/1/90,TRUE,"Proin interdum mauris non ligula pellentesque ultrices. Phasellus id sapien in sapien iaculis congue. Vivamus metus arcu, adipiscing molestie, hendrerit at, vulputate vitae, nisl.",5,https://randomuser.me/api/portraits/men/84.jpg
165,lbeesey4k,mchippin4k@vimeo.com,1/1/90,FALSE,,9,https://randomuser.me/api/portraits/men/85.jpg
166,vchatt4l,bcosford4l@rambler.ru,1/1/90,FALSE,Suspendisse potenti. Cras in purus eu magna vulputate luctus.,7,https://randomuser.me/api/portraits/men/86.jpg
167,ggiblin4m,cborborough4m@accuweather.com,1/1/90,TRUE,,8,https://randomuser.me/api/portraits/men/87.jpg
169,ateulier4o,rnosworthy4o@reverbnation.com,1/1/90,FALSE,,8,https://randomuser.me/api/portraits/men/89.jpg
170,ddallander4p,kcazereau4p@soup.io,1/1/90,TRUE,Donec quis orci eget orci vehicula condimentum. Curabitur in libero ut massa volutpat convallis.,10,https://randomuser.me/api/portraits/men/90.jpg
171,kkarmel4q,rcatanheira4q@scientificamerican.com,1/1/90,TRUE,,3,https://randomuser.me/api/portraits/women/81.jpg
172,jcornil4r,rpickavance4r@berkeley.edu,1/1/90,FALSE,Pellentesque at nulla.,8,https://randomuser.me/api/portraits/women/82.jpg
173,rwhitehurst4s,bprimarolo4s@irs.gov,1/1/90,FALSE,Nullam sit amet turpis elementum ligula vehicula consequat. Morbi a ipsum. Integer a nibh.,8,https://randomuser.me/api/portraits/women/83.jpg
174,kspain4t,cdadamo4t@macromedia.com,1/1/90,TRUE,Vivamus in felis eu sapien cursus vestibulum. Proin eu mi.,1,https://randomuser.me/api/portraits/women/84.jpg
175,rberwick4u,bkirgan4u@quantcast.com,1/1/90,FALSE,,4,https://randomuser.me/api/portraits/women/85.jpg
176,fpetras4v,emccritchie4v@xing.com,1/1/90,TRUE,Nulla justo.,7,https://randomuser.me/api/portraits/women/86.jpg